name,symbol,swap_fee,volume_24h_usd,total_liquidity_usd,fees_24h_usd,tokens
Balancer 80 BAL 20 WETH,B-80BAL-20WETH,0.01,19942.37,4745665.22,199.42,BAL:0.80/WETH:0.20
Balancer 50 WBTC 50 WETH,B-50WBTC-50WETH,0.0025,37224.02,1820794.08,93.06,WBTC:0.50/WETH:0.50
QiDao Governance Pool,QI BPT,0.005,2.03,572228.2,0.01,QI:0.80/WETH:0.20
Balancer 20 WETH 80 LIT,BAL-20WETH-80LIT,0.01,3324.37,367195.38,33.24,WETH:0.20/LIT:0.80
Alchemix 80ALCX-20WETH,80ALCX-20WETH,0.003,1437.11,247486.33,4.31,WETH:0.20/ALCX:0.80
50XNS-50WETH,50XNS-50WETH,0.001,0.0,222603.3,0.0,XNS:0.50/WETH:0.50
Balancer 50 USDC 50 WETH,B-50USDC-50WETH,0.003,15151.45,191003.29,45.45,USDC:0.50/WETH:0.50
Balancer 60 WETH 40 DAI,B-60WETH-40DAI,0.0005,48734.66,162284.5,24.37,DAI:0.40/WETH:0.60
Staked NOTE Weighted Pool,sNOTE-BPT,0.005,0.0,153248.39,0.0,WETH:0.20/NOTE:0.80
xSNXa-WETH Pool,75xSNXa-25WETH,0.004,0.0,153239.54,0.0,xSNXa:0.75/WETH:0.25
50WETH 50EIGEN,50WETH-50EIGEN,0.003,9185.48,131936.12,27.56,WETH:0.50/EIGEN:0.50
Balancer 80PRL 20WETH,80PRL-20WETH,0.01,617.86,98574.46,6.18,PRL:0.80/WETH:0.20
80VLR/20WETH,80VLR/20WETH,0.001,3206.79,76645.85,3.21,VLR:0.80/WETH:0.20
50COW-50WETH BPT,50COW-50WETH,0.01,1070.82,46876.22,10.71,WETH:0.50/COW:0.50
M2-WETH Pool,80M2-20WETH,0.01,0.0,40344.05,0.0,M2:0.80/WETH:0.20
20WETH-80PSP,20WETH-80PSP,0.001,72.01,38636.61,0.07,WETH:0.20/PSP:0.80
Balancer 60 MKR 40 WETH,B-60MKR-40WETH,0.0026,624.44,32776.07,1.62,MKR:0.60/WETH:0.40
Balancer 50 LINK 50 WETH,B-50LINK-50WETH,0.0027,1256.73,30775.09,3.39,LINK:0.50/WETH:0.50
80ARCH-20WETH,80ARCH-20WETH,0.01,1.4,22093.99,0.01,ARCH:0.80/WETH:0.20
Balancer 80 UNN 20 WETH,B-80UNN-20WETH,0.0025,39.71,21566.57,0.1,UNN:0.80/WETH:0.20
50WETH-50AURA,50WETH-50AURA,0.005,376.73,19872.2,1.88,WETH:0.50/AURA:0.50
20WETH-80ALCX,20WETH-80ALCX,0.01,73.86,17304.72,0.74,WETH:0.20/ALCX:0.80
50COIN-50WETH,50COIN-50WETH,0.001,0.0,16742.19,0.0,COIN:0.50/WETH:0.50
20WETH-80WNCG,20WETH-80WNCG,0.003,207.88,16317.02,0.62,WETH:0.20/WNCG:0.80
PAR 50 - WETH 50 Balancer Pool,PAR50-WETH50,0.0015,53.7,14910.03,0.08,PAR:0.50/WETH:0.50
STR-WETH Pool,50STR-50WETH,0.005,0.0,13904.77,0.0,STR:0.50/WETH:0.50
Balancer 50 WETH 50 USDT,B-50WETH-50USDT,0.0009,4028.04,13660.09,3.63,WETH:0.50/USDT:0.50
80MPH-20WETH,80MPH-20WETH,0.003,0.0,11818.82,0.0,MPH:0.80/WETH:0.20
Comfy,BED,0.005,208.58,11085.67,1.04,DPI:0.33/WBTC:0.33/WETH:0.33
Balancer 80 LE 20 WETH,B-80LE-20WETH,0.0025,0.0,10611.52,0.0,LE:0.80/WETH:0.20
RDNT-WETH,RDNT-WETH,0.005,222.48,10119.36,1.11,RDNT:0.80/WETH:0.20
