weth_in,protocol,part_pct
1,CURVE_STABLE_NG,100
5,CURVE_STABLE_NG,100
10,UNISWAP_V3,11
10,CURVE_STABLE_NG,89
25,UNISWAP_V4,23
25,UNISWAP_V3,30
25,ANGSTROM,47
25,EKUBO_V3,2
25,UNISWAP_V4,6
25,ANGSTROM,8
25,UNISWAP_V3,37
25,CURVE_STABLE_NG,47
25,EKUBO_V3,100
50,CURVE_V2,25
50,UNISWAP_V3,75
50,UNISWAP_V4,3
50,UNISWAP_V4,8
50,UNISWAP_V3,11
50,ANGSTROM,18
50,UNISWAP_V3,60
50,EKUBO_V3,2
50,UNISWAP_V4,7
50,UNISWAP_V3,12
50,ANGSTROM,13
50,FLUID_DEX_T1,14
50,UNISWAP_V3,52
50,UNISWAP_V3,100
50,UNISWAP_V4,100
100,CURVE_V2,26
100,UNISWAP_V3,74
100,UNISWAP_V4,2
100,PANCAKESWAP_V3,2
100,UNISWAP_V3,3
100,UNISWAP_V4,5
100,UNISWAP_V3,6
100,ANGSTROM,10
100,UNISWAP_V3,72
100,EKUBO_V3,2
100,UNISWAP_V4,4
100,UNISWAP_V3,6
100,ANGSTROM,10
100,UNISWAP_V3,10
100,FLUID_DEX_T1,12
100,CURVE_STABLE_NG,19
100,UNISWAP_V3,37
100,PMM11,100
100,UNISWAP_V4,100
250,UNISWAP_V3,4
250,UNISWAP_V3,4
250,FLUID_DEX_T1,6
250,UNISWAP_V3,18
250,PMM15,68
250,UNISWAP_V3,2
250,UNISWAP_V3,24
250,PMM15,74
250,UNISWAP_V4,20
250,UNISWAP_V4,38
250,FLUID_DEX_T1,42
500,UNISWAP_V3,2
500,UNISWAP_V3,30
500,PMM15,68
500,EKUBO_V3,2
500,CURVE_STABLE_NG,12
500,UNISWAP_V4,14
500,UNISWAP_V4,14
500,UNISWAP_V4,26
500,FLUID_DEX_T1,32
500,UNISWAP_V3,2
500,UNISWAP_V3,2
500,FLUID_DEX_T1,4
500,UNISWAP_V3,10
500,PMM15,82
1000,UNISWAP_V3,28
1000,PMM15,72
1000,EKUBO_V3,2
1000,CURVE_STABLE_NG,10
1000,UNISWAP_V4,14
1000,UNISWAP_V4,16
1000,UNISWAP_V4,24
1000,FLUID_DEX_T1,34
1000,UNISWAP_V3,2
1000,UNISWAP_V3,2
1000,FLUID_DEX_T1,4
1000,UNISWAP_V3,6
1000,PMM15,86
