date,price_usd
2026-02-23,64976.281537063674
2026-02-24,64513.42693775414
2026-02-25,63922.777287151155
2026-02-26,72932.31409608552
2026-02-27,67404.89149780829
2026-02-28,65712.07067246239
2026-03-01,66804.31210368533
2026-03-02,65616.12037527679
2026-03-03,68645.28282647766
2026-03-04,68107.97807103724
2026-03-05,76543.05694466548
2026-03-06,70706.03457469076
2026-03-07,68017.70291359683
2026-03-08,67114.2166392118
2026-03-09,65864.25494613289
2026-03-10,68261.72795406429
2026-03-11,69698.18877618229
2026-03-12,70027.6613635499
2026-03-13,70280.39611405943
2026-03-14,75830.71903397534
2026-03-15,70980.06879151876
2026-03-16,72712.6742214408
2026-03-17,80206.7290764219
2026-03-18,73827.14792139675
2026-03-19,71075.22480525277
2026-03-20,69813.33776875013
2026-03-21,70388.72773660379
2026-03-22,68557.46680389905
2026-03-23,67844.24211986098
2026-03-24,70820.45401272157
2026-03-25,70408.7367978565
2026-03-26,71156.65579189509
2026-03-27,68588.22380208301
2026-03-28,66201.41461436766
2026-03-29,66276.52690592711
2026-03-30,65876.72143351656
2026-03-31,66571.01915283277
2026-04-01,68074.86080031225
2026-04-02,67992.21098047968
2026-04-03,66866.56388289308
2026-04-04,66855.29398747483
2026-04-05,67188.85065492852
2026-04-06,69237.92073670225
2026-04-07,68772.92521896922
2026-04-08,71845.07975780597
2026-04-09,70882.88140354802
2026-04-10,71620.83335035847
2026-04-11,72752.70869590092
2026-04-12,72848.38515833078
2026-04-13,70536.38921009115
2026-04-14,74440.68779388115
2026-04-15,74057.26244194164
2026-04-16,74919.73302274346
2026-04-17,74953.1436964776
2026-04-18,76922.4656102963
2026-04-19,75568.39593691796
2026-04-20,73676.17615194341
2026-04-21,75639.59049289137
2026-04-22,76077.46422368495
2026-04-23,78013.67043653257
2026-04-24,78043.07884219395
2026-04-25,77237.01230801051
2026-04-26,77443.75301640517
2026-04-27,78475.59470016172
2026-04-28,77156.7139491326
2026-04-29,76142.73859708056
2026-04-30,75575.76172635755
2026-05-01,76101.59804518138
2026-05-02,77976.43359063198
2026-05-03,78456.47203524028
2026-05-04,78349.55983764355
2026-05-05,79611.20689518699
2026-05-06,80702.50949791909
2026-05-07,81185.4425203668
2026-05-08,79793.39433035356
2026-05-09,79962.26450527657
2026-05-10,80492.80015121671
2026-05-11,81921.41170759355
2026-05-12,81500.04340585879
2026-05-13,80305.91872026259
2026-05-14,79100.24371525465
2026-05-15,80812.28670160525
2026-05-16,78866.21772058794
2026-05-17,77919.04928209152
2026-05-18,77209.79562833872
2026-05-19,76730.99572780136
2026-05-20,76538.87344596471
2026-05-21,77230.14610232243
2026-05-22,77357.27074864952
2026-05-23,75287.02346880737
2026-05-24,76448.04033518146
2026-05-25,76788.5517866549
2026-05-26,77012.47570881156
2026-05-27,75749.62438194695
2026-05-28,74200.3062480494
2026-05-29,73855.86667763827
2026-05-30,74056.3377997653
2026-05-31,73718.93834352703
2026-06-01,73656.93978085966
2026-06-02,71865.3058744094
2026-06-03,68227.69318831136
2026-06-04,65762.65297342662
2026-06-05,65774.88713663197
2026-06-06,62829.23101931701
2026-06-07,63009.345981633836
2026-06-08,64630.390398208634
2026-06-09,65187.073801220286
2026-06-10,61643.85309683719
2026-06-11,61414.533015220535
2026-06-12,63499.323094376574
2026-06-13,63431.6421385417
2026-06-14,64345.42661794386
2026-06-15,66927.86495627693
2026-06-16,67405.81034952699
2026-06-17,67231.33139075135
2026-06-18,64350.25689979528
2026-06-19,62839.30213013081
2026-06-20,63428.88791704161
2026-06-21,64149.104627930894
2026-06-22,63214.560103133255
2026-06-23,63845.97236255624
2026-06-24,62586.03942524826
2026-06-25,60929.07947627874
2026-06-26,59731.23037295484
2026-06-27,61360.4428678325
2026-06-28,61387.4357925894
2026-06-29,63807.46860297289
2026-06-30,63500.9053118832
2026-07-01,62514.092525557215
2026-07-02,60710.72516189018
2026-07-03,61428.59017703554
2026-07-04,62521.873247523865
2026-07-05,63103.96046176825
2026-07-06,63538.54809721844
2026-07-07,64013.27382379314
2026-07-08,63333.13937194113
2026-07-09,62253.83961556582
2026-07-10,63176.5141864146
2026-07-11,64104.76752716875
2026-07-12,63764.69240024449
2026-07-13,63721.009988263264
2026-07-14,62215.84543011698
2026-07-15,64930.31525642646
2026-07-16,64733.540601532855
2026-07-17,63779.12525964817
2026-07-18,63882.28133391624
2026-07-19,64761.17580781684
2026-07-20,64632.1306916393
2026-07-21,65134.00351115311
2026-07-22,66428.65215839617
2026-07-23,66005.17946980285
2026-07-24,64968.75546062106
2026-07-25,64063.20893713758
2026-07-26,64271.20358917152
2026-07-27,65328.02924552959
2026-07-28,63711.88775443729
2026-07-29,63886.83320493161
2026-07-30,63944.424076481046
2026-07-31,64765.71287979167
2026-08-01,62881.395778381484
2026-08-02,62799.54119824887
2026-08-03,63482.01985499818
2026-08-04,63490.951205398014
2026-08-05,64077.902961021224
2026-08-06,64604.3048659427
2026-08-07,64266.643140670894
2026-08-08,64868.41967968981
2026-08-09,64924.108038195365
2026-08-10,64840.91967777424
2026-08-11,63928.089754327404
2026-08-12,63564.39690447247
2026-08-13,63397.42651610626
2026-08-14,63422.06263616037
2026-08-15,62969.00761197152
2026-08-16,63037.091227254845
2026-08-17,62852.61769253732
2026-08-18,64474.16328191093
2026-08-19,64668.45738962375
2026-08-20,69299.73475808487
2026-08-21,73014.32987595315
2026-08-21,77103.95659497885
